{
  "bias": -0.407089288506428,
  "weights": [
    0.20949968249566403,
    0.3148341352890207,
    0.10699217823360754,
    -0.9275717074729324,
    0.8188286606892347,
    1.0193227769636684
  ],
  "feature_names": [
    "Age",
    "BP",
    "Cholesterol",
    "Max HR",
    "ST depression",
    "Number of vessels fluro"
  ],
  "normalization": {
    "min": [
      34.0,
      94.0,
      126.0,
      83.5,
      0.0,
      0.0
    ],
    "range": [
      43.0,
      76.0,
      254.5,
      111.5,
      4.0,
      2.5
    ]
  },
  "lambda": 0.0,
  "features": 6
}